{"cameraMode":{"drawMode":0,"name":"Shaded","section":"Shading Mode"},"sceneLighting":true,"audioPlay":false,"sceneViewState":{"m_AlwaysRefresh":false,"showFog":true,"showSkybox":true,"showFlares":true,"showImageEffects":true,"showParticleSystems":true,"showVisualEffectGraphs":true,"m_FxEnabled":true},"in2DMode":false,"pivot":{"x":-0.6190000176429749,"y":0.09999999403953552,"z":-0.7020000219345093},"rotation":{"x":-0.09532858431339264,"y":-0.20163515210151673,"z":0.019718913361430169,"w":-0.9746139049530029},"size":0.516040563583374,"orthographic":false}